;
KARISIDEN SURAKARTA / LUAR KOTA SOLO;Solo
KARISIDEN SURAKARTA / LUAR KOTA SOLO;Boyolali
KARISIDEN SURAKARTA / LUAR KOTA SOLO;Sukoharjo
KARISIDEN SURAKARTA / LUAR KOTA SOLO;Karanganyar
KARISIDEN SURAKARTA / LUAR KOTA SOLO;Wonogiri
KARISIDEN SURAKARTA / LUAR KOTA SOLO;Klaten
KARISIDEN SURAKARTA / LUAR KOTA SOLO;Sragen
WILAYAH JATENG / DIY;Cilacap
WILAYAH JATENG / DIY;Banyumas
WILAYAH JATENG / DIY;Purbalingga
WILAYAH JATENG / DIY;Banjarnegara
WILAYAH JATENG / DIY;Kebumen
WILAYAH JATENG / DIY;Purworejo
WILAYAH JATENG / DIY;Wonosobo
WILAYAH JATENG / DIY;Magelang
WILAYAH JATENG / DIY;Grobogan
WILAYAH JATENG / DIY;Blora
WILAYAH JATENG / DIY;Rembang
WILAYAH JATENG / DIY;Pati
WILAYAH JATENG / DIY;Kudus
WILAYAH JATENG / DIY;Jepara
WILAYAH JATENG / DIY;Demak
WILAYAH JATENG / DIY;Semarang
WILAYAH JATENG / DIY;Temanggung
WILAYAH JATENG / DIY;Kendal
WILAYAH JATENG / DIY;Batang
WILAYAH JATENG / DIY;Pekalongan
WILAYAH JATENG / DIY;Pemalang
WILAYAH JATENG / DIY;Tegal
WILAYAH JATENG / DIY;Brebes
WILAYAH JATENG / DIY;Magelang
WILAYAH JATENG / DIY;Salatiga
WILAYAH JATENG / DIY;Semarang
WILAYAH JATENG / DIY;Pekalongan
WILAYAH JATENG / DIY;Tegal
WILAYAH JATENG / DIY;KulonProgo
WILAYAH JATENG / DIY;Bantul
WILAYAH JATENG / DIY;Gunungkidul
WILAYAH JATENG / DIY;Sleman
WILAYAH JATENG / DIY;Yogyakarta
WILAYAH JATENG / DIY;Purwokerto
JAKARTA / JATIM / JABAR;Kep.Seribu
JAKARTA / JATIM / JABAR;Jakarta Selatan
JAKARTA / JATIM / JABAR;Jakarta Timur
JAKARTA / JATIM / JABAR;Jakarta Pusat
JAKARTA / JATIM / JABAR;Jakarta Barat
JAKARTA / JATIM / JABAR;Jakarta Utara
JAKARTA / JATIM / JABAR;Jakarta
JAKARTA / JATIM / JABAR;Pacitan
JAKARTA / JATIM / JABAR;Ponorogo
JAKARTA / JATIM / JABAR;Trenggalek
JAKARTA / JATIM / JABAR;Tulungagung
JAKARTA / JATIM / JABAR;Blitar
JAKARTA / JATIM / JABAR;Kediri
JAKARTA / JATIM / JABAR;Malang
JAKARTA / JATIM / JABAR;Lumajang
JAKARTA / JATIM / JABAR;Jember
JAKARTA / JATIM / JABAR;Banyuwangi
JAKARTA / JATIM / JABAR;Bondowoso
JAKARTA / JATIM / JABAR;Situbondo
JAKARTA / JATIM / JABAR;Probolinggo
JAKARTA / JATIM / JABAR;Pasuruan
JAKARTA / JATIM / JABAR;Sidoarjo
JAKARTA / JATIM / JABAR;Mojokerto
JAKARTA / JATIM / JABAR;Jombang
JAKARTA / JATIM / JABAR;Nganjuk
JAKARTA / JATIM / JABAR;Madiun
JAKARTA / JATIM / JABAR;Magetan
JAKARTA / JATIM / JABAR;Ngawi
JAKARTA / JATIM / JABAR;Bojonegoro
JAKARTA / JATIM / JABAR;Tuban
JAKARTA / JATIM / JABAR;Lamongan
JAKARTA / JATIM / JABAR;Gresik
JAKARTA / JATIM / JABAR;Bangkalan
JAKARTA / JATIM / JABAR;Sampang
JAKARTA / JATIM / JABAR;Pamekasan
JAKARTA / JATIM / JABAR;Sumenep
JAKARTA / JATIM / JABAR;Kediri
JAKARTA / JATIM / JABAR;Blitar
JAKARTA / JATIM / JABAR;Malang
JAKARTA / JATIM / JABAR;Probolinggo
JAKARTA / JATIM / JABAR;Pasuruan
JAKARTA / JATIM / JABAR;Mojokerto
JAKARTA / JATIM / JABAR;Madiun
JAKARTA / JATIM / JABAR;Surabaya
JAKARTA / JATIM / JABAR;Batu
JAKARTA / JATIM / JABAR;Bogor
JAKARTA / JATIM / JABAR;Sukabumi
JAKARTA / JATIM / JABAR;Cianjur
JAKARTA / JATIM / JABAR;Bandung
JAKARTA / JATIM / JABAR;Garut
JAKARTA / JATIM / JABAR;Tasikmalaya
JAKARTA / JATIM / JABAR;Ciamis
JAKARTA / JATIM / JABAR;Kuningan
JAKARTA / JATIM / JABAR;Cirebon
JAKARTA / JATIM / JABAR;Majalengka
JAKARTA / JATIM / JABAR;Sumedang
JAKARTA / JATIM / JABAR;Indramayu
JAKARTA / JATIM / JABAR;Subang
JAKARTA / JATIM / JABAR;Purwakarta
JAKARTA / JATIM / JABAR;Karawang
JAKARTA / JATIM / JABAR;Bekasi
JAKARTA / JATIM / JABAR;Bandung Barat
JAKARTA / JATIM / JABAR;Pangandaran
JAKARTA / JATIM / JABAR;Bogor
JAKARTA / JATIM / JABAR;Sukabumi
JAKARTA / JATIM / JABAR;Bandung
JAKARTA / JATIM / JABAR;Cirebon
JAKARTA / JATIM / JABAR;Bekasi
JAKARTA / JATIM / JABAR;Depok
JAKARTA / JATIM / JABAR;Cimahi
JAKARTA / JATIM / JABAR;Tasikmalaya
JAKARTA / JATIM / JABAR;Banjar
LUAR JAWA;Dll
